n;player;season;team;position;games_played;games_started;wins;losses;overtime_losses;shots_against;saves;goals_against;save_percentage;goal_against_average;time_on_ice;shutouts;goals;assists;points;penalty_minutes
1;Cam Talbot;2016-17;EDM;G;73;73;42;22;8;2117;1946;171;0.919;2.39;4294:00;7;0;0;0;4
2;Braden Holtby;2016-17;WSH;G;63;63;42;13;6;1690;1563;127;0.925;2.07;3680:10;9;0;0;0;0
3;Sergei Bobrovsky;2016-17;CBJ;G;63;63;41;17;5;1854;1727;127;0.931;2.06;3707:04;7;0;0;0;8
4;Devan Dubnyk;2016-17;MIN;G;65;63;40;19;5;1842;1701;141;0.923;2.25;3758:00;5;0;0;0;10
5;Tuukka Rask;2016-17;BOS;G;65;64;37;20;5;1610;1473;137;0.915;2.23;3679:30;8;0;2;2;0
6;Carey Price;2016-17;MTL;G;62;62;37;20;5;1794;1656;138;0.923;2.23;3708:08;3;0;1;1;4
7;Martin Jones;2016-17;SJS;G;65;65;35;23;6;1725;1573;152;0.912;2.4;3800:21;2;0;0;0;0
8;Jake Allen;2016-17;STL;G;61;60;33;20;5;1620;1482;138;0.915;2.42;3418:19;4;0;1;1;4
9;Frederik Andersen;2016-17;TOR;G;66;66;33;16;14;2052;1883;169;0.918;2.67;3799:20;4;0;1;1;16
10;Matt Murray;2016-17;PIT;G;49;47;32;10;4;1450;1339;111;0.923;2.41;2765:48;4;0;2;2;0
11;Corey Crawford;2016-17;CHI;G;55;55;32;18;4;1691;1553;138;0.918;2.55;3246:52;2;0;1;1;2
12;Pekka Rinne;2016-17;NSH;G;61;61;31;19;9;1757;1613;144;0.918;2.42;3567:47;3;0;0;0;4
13;Henrik Lundqvist;2016-17;NYR;G;57;55;31;20;4;1650;1502;148;0.91;2.74;3240:26;2;0;1;1;0
14;Peter Budaj;2016-17;LAK, TBL;G;60;55;30;21;3;1414;1294;120;0.915;2.18;3308:16;7;0;1;1;0
15;Steve Mason;2016-17;PHI;G;58;54;26;21;8;1556;1413;143;0.908;2.66;3224:37;3;0;1;1;0
16;Brian Elliott;2016-17;CGY;G;49;45;26;18;3;1338;1217;121;0.909;2.55;2844:25;2;0;0;0;4
17;Cam Ward;2016-17;CAR;G;61;61;26;22;12;1711;1549;162;0.905;2.69;3617:55;2;0;1;1;6
18;Thomas Greiss;2016-17;NYI;G;51;49;26;18;5;1453;1327;126;0.913;2.69;2813:17;3;0;1;1;0
19;Connor Hellebuyck;2016-17;WPG;G;56;53;26;19;4;1572;1426;146;0.907;2.89;3033:31;4;0;0;0;0
20;Craig Anderson;2016-17;OTT;G;40;40;25;11;4;1247;1155;92;0.926;2.28;2421:14;5;0;1;1;0
21;John Gibson;2016-17;ANA;G;52;49;25;16;9;1437;1328;109;0.924;2.22;2950:21;6;0;1;1;4
22;Robin Lehner;2016-17;BUF;G;59;58;23;26;8;1910;1758;152;0.92;2.68;3405:28;2;0;1;1;6
23;Andrei Vasilevskiy;2016-17;TBL;G;50;47;23;17;7;1480;1357;123;0.917;2.61;2831:16;2;0;2;2;2
24;Kari Lehtonen;2016-17;DAL;G;59;52;22;25;7;1546;1395;151;0.902;2.85;3177:09;3;0;1;1;4
25;Jonathan Bernier;2016-17;ANA;G;39;33;21;7;4;982;899;83;0.915;2.5;1993:11;2;0;0;0;4
26;Cory Schneider;2016-17;NJD;G;60;59;20;27;11;1781;1618;163;0.908;2.82;3472:50;2;0;0;0;0
27;Mike Condon;2016-17;PIT, OTT;G;41;38;19;14;6;1122;1026;96;0.914;2.48;2324:25;5;0;0;0;4
28;Mike Smith;2016-17;ARI;G;55;55;19;26;9;1819;1663;156;0.914;2.92;3202:08;3;0;0;0;14
29;Marc-Andre Fleury;2016-17;PIT;G;38;34;18;10;7;1181;1074;107;0.909;3.02;2125:15;1;0;0;0;6
30;Ryan Miller;2016-17;VAN;G;54;54;18;29;6;1737;1587;150;0.914;2.8;3211:51;3;0;1;1;22
31;James Reimer;2016-17;FLA;G;43;39;18;16;5;1222;1124;98;0.92;2.53;2324:35;3;0;0;0;2
32;Ben Bishop;2016-17;TBL, LAK;G;39;37;18;15;5;1040;946;94;0.91;2.54;2222:37;1;0;0;0;10
33;Chad Johnson;2016-17;CGY;G;36;36;18;15;1;969;882;87;0.91;2.59;2013:12;3;0;0;0;0
34;Scott Darling;2016-17;CHI;G;32;27;18;5;5;877;810;67;0.924;2.38;1688:35;2;0;0;0;0
35;Petr Mrazek;2016-17;DET;G;50;44;18;21;9;1462;1317;145;0.901;3.04;2857:31;1;0;0;0;2
36;Roberto Luongo;2016-17;FLA;G;40;39;17;15;6;1217;1113;104;0.914;2.68;2326:34;1;0;1;1;4
37;Antti Raanta;2016-17;NYR;G;30;26;16;8;2;782;721;61;0.922;2.26;1617:20;4;0;1;1;0
38;Calvin Pickard;2016-17;COL;G;50;48;15;31;2;1461;1321;140;0.904;2.98;2820:16;2;0;2;2;2
39;Philipp Grubauer;2016-17;WSH;G;24;19;13;6;2;585;542;43;0.926;2.04;1264:34;3;0;0;0;0
40;Carter Hutton;2016-17;STL;G;30;21;13;8;2;663;605;58;0.912;2.39;1459:03;4;0;1;1;4
41;Jaroslav Halak;2016-17;NYI;G;28;26;12;9;5;885;810;75;0.915;2.8;1605:29;2;0;1;1;0
42;Antti Niemi;2016-17;DAL;G;37;30;12;12;4;880;785;95;0.892;3.3;1728:30;0;0;0;0;0
43;Aaron Dell;2016-17;SJS;G;20;17;11;6;1;533;496;37;0.93;2;1110:33;1;0;0;0;0
44;Michal Neuvirth;2016-17;PHI;G;28;24;11;11;1;586;522;64;0.891;2.82;1363:38;0;0;0;0;2
45;Louis Domingue;2016-17;ARI;G;31;26;11;15;1;888;806;82;0.908;3.08;1598:41;0;0;0;0;0
46;Juuse Saros;2016-17;NSH;G;21;19;10;8;3;614;567;47;0.923;2.35;1199:55;1;0;1;1;0
47;Jimmy Howard;2016-17;DET;G;26;24;10;11;1;675;626;49;0.927;2.1;1396:43;1;0;0;0;2
48;Anders Nilsson;2016-17;BUF;G;26;23;10;10;4;857;791;66;0.923;2.67;1484:15;1;0;0;0;0
49;Jacob Markstrom;2016-17;VAN;G;26;23;10;11;3;692;630;62;0.91;2.63;1416:58;0;0;0;0;2
50;Michael Hutchinson;2016-17;WPG;G;28;20;9;12;3;690;623;67;0.903;2.92;1378:20;1;0;0;0;0
51;Eddie Lack;2016-17;CAR;G;20;18;8;7;3;492;444;48;0.902;2.64;1089:51;1;0;0;0;0
52;Keith Kinkaid;2016-17;NJD;G;26;23;8;13;3;778;713;65;0.916;2.64;1476:05;1;0;1;1;0
53;Curtis McElhinney;2016-17;CBJ, TOR;G;21;15;8;8;2;616;565;51;0.917;2.7;1134:39;1;0;0;0;0
54;Al Montoya;2016-17;MTL;G;19;18;8;6;4;569;519;50;0.912;2.67;1124:53;2;0;2;2;2
55;Jonathan Quick;2016-17;LAK;G;17;17;8;5;2;421;386;35;0.917;2.26;930:57;2;0;0;0;2
56;Darcy Kuemper;2016-17;MIN;G;18;17;8;5;3;562;507;55;0.902;3.13;1053:02;0;0;1;1;4
57;Anton Khudobin;2016-17;BOS;G;16;14;7;6;1;405;366;39;0.904;2.64;884:47;0;0;1;1;2
58;Joonas Korpisalo;2016-17;CBJ;G;14;13;7;5;1;401;363;38;0.905;2.88;790:31;1;0;0;0;0
59;Semyon Varlamov;2016-17;COL;G;24;23;6;17;0;745;669;76;0.898;3.38;1347:47;1;0;1;1;0
60;Jared Coreau;2016-17;DET;G;14;14;5;4;3;362;321;41;0.887;3.46;711:40;2;0;0;0;0
61;Ondrej Pavelec;2016-17;WPG;G;8;8;4;4;0;233;207;26;0.888;3.55;439:30;0;0;0;0;0
62;Laurent Brossoit;2016-17;EDM;G;8;4;4;1;0;153;142;11;0.928;1.99;332:27;0;0;0;0;0
63;J.F. Berube;2016-17;NYI;G;14;7;3;2;2;271;241;30;0.889;3.42;526:49;0;0;0;0;0
64;Michael Leighton;2016-17;CAR;G;4;3;2;2;0;92;80;12;0.87;3.42;210:17;0;0;1;1;0
65;Richard Bachman;2016-17;VAN;G;5;5;2;3;0;162;149;13;0.92;2.64;295:11;0;0;0;0;0
66;Anthony Stolarz;2016-17;PHI;G;7;4;2;1;1;181;168;13;0.928;2.07;376:05;1;0;0;0;0
67;Jeff Zatkoff;2016-17;LAK;G;13;8;2;7;1;223;196;27;0.879;2.94;550:24;0;0;0;0;0
68;Charlie Lindgren;2016-17;MTL;G;2;2;2;0;0;59;56;3;0.949;1.48;121:42;0;0;0;0;0
69;Alex Stalock;2016-17;MIN;G;2;2;1;1;0;54;51;3;0.944;1.51;118:55;0;0;0;0;0
70;Antoine Bibeau;2016-17;TOR;G;2;2;1;1;0;55;51;4;0.927;1.99;120:39;0;0;0;0;0
71;Eric Comrie;2016-17;WPG;G;1;1;1;0;0;39;35;4;0.897;4.05;59:18;0;0;0;0;0
72;Jonas Gustavsson;2016-17;EDM;G;7;5;1;3;1;139;122;17;0.878;3.1;328:58;0;0;0;0;0
73;Jeremy Smith;2016-17;COL;G;10;8;1;6;1;286;254;32;0.888;3.54;542:43;0;0;0;0;0
74;Jon Gillies;2016-17;CGY;G;1;1;1;0;0;28;27;1;0.964;1;60:00;0;0;0;0;0
75;Magnus Hellberg;2016-17;NYR;G;2;1;1;0;0;28;26;2;0.928;1.53;78:31;0;0;0;0;0
76;Zane McIntyre;2016-17;BOS;G;8;3;0;4;1;155;133;22;0.858;3.97;332:37;0;0;0;0;0
77;Jack Campbell;2016-17;LAK;G;1;0;0;0;0;5;5;0;1;--;20:00;0;0;0;0;0
78;David Rittich;2016-17;CGY;G;1;0;0;0;0;10;9;1;0.9;3;20:00;0;0;0;0;0
79;Tristan Jarry;2016-17;PIT;G;1;1;0;1;0;25;22;3;0.88;3.06;58:45;0;0;0;0;0
80;Alex Nedeljkovic;2016-17;CAR;G;1;0;0;0;0;17;17;0;1;--;29:57;0;0;0;0;2
81;Dustin Tokarski;2016-17;ANA;G;1;0;0;0;0;5;5;0;1;--;9:47;0;0;0;0;0
82;Reto Berra;2016-17;FLA;G;7;4;0;5;0;145;127;18;0.876;3.45;313:07;0;0;0;0;0
83;Spencer Martin;2016-17;COL;G;3;3;0;2;1;96;83;13;0.865;4.35;179:26;0;0;0;0;0
84;Pheonix Copley;2016-17;STL;G;1;1;0;1;0;29;24;5;0.828;5.09;58:56;0;0;0;0;0
85;Linus Ullmark;2016-17;BUF;G;1;1;0;1;0;36;33;3;0.917;3.06;58:44;0;0;0;0;0
86;Jorge Alves;2016-17;CAR;G;1;0;0;0;0;0;0;0;0;--;0:08;0;0;0;0;0
87;Andrew Hammond;2016-17;OTT;G;6;4;0;2;0;86;72;14;0.837;4.08;205:39;0;0;0;0;0
88;Chris Driedger;2016-17;OTT;G;1;0;0;1;0;15;11;4;0.733;6;40:00;0;0;0;0;0
89;Kristers Gudlevskis;2016-17;TBL;G;1;0;0;0;0;3;3;0;1;--;11:27;0;0;0;0;0
90;Justin Peters;2016-17;ARI;G;3;1;0;1;0;70;63;7;0.9;3.16;132:55;0;0;0;0;0
91;Anton Forsberg;2016-17;CBJ;G;1;1;0;1;0;27;23;4;0.852;4.1;58:35;0;0;0;0;0
92;Jhonas Enroth;2016-17;TOR;G;6;4;0;3;1;141;123;18;0.872;3.94;274:26;0;0;0;0;0
93;Marek Mazanec;2016-17;NSH;G;4;2;0;2;0;87;73;14;0.839;4.73;177:35;0;0;1;1;0
94;Malcolm Subban;2016-17;BOS;G;1;1;0;1;0;16;13;3;0.813;5.88;30:36;0;0;0;0;0
95;Marek Langhamer;2016-17;ARI;G;1;0;0;0;0;8;7;1;0.875;3.87;15:31;0;0;0;0;0
96;Braden Holtby;2015-16;WSH;G;66;66;48;9;7;1802;1661;141;0.922;2.2;3841:11;3;0;1;1;6
97;Jonathan Quick;2015-16;LAK;G;68;68;40;23;5;1820;1671;149;0.918;2.22;4034:29;5;0;3;3;10
98;Martin Jones;2015-16;SJS;G;65;65;37;23;4;1734;1591;143;0.917;2.27;3785:52;6;0;0;0;0
99;Marc-Andre Fleury;2015-16;PIT;G;58;58;35;17;6;1665;1533;132;0.921;2.29;3462:33;5;0;1;1;2
100;Ben Bishop;2015-16;TBL;G;61;60;35;21;4;1672;1549;123;0.926;2.06;3584:38;6;0;1;1;4
101;Roberto Luongo;2015-16;FLA;G;62;60;35;19;6;1801;1660;141;0.922;2.35;3601:51;4;0;2;2;4
102;Corey Crawford;2015-16;CHI;G;58;58;35;18;5;1718;1587;131;0.924;2.37;3322:39;7;0;1;1;2
103;Henrik Lundqvist;2015-16;NYR;G;65;64;35;21;7;1944;1788;156;0.92;2.48;3772:22;4;0;4;4;4
104;Pekka Rinne;2015-16;NSH;G;66;66;34;21;10;1744;1583;161;0.908;2.48;3895:22;4;0;2;2;6
105;Devan Dubnyk;2015-16;MIN;G;67;66;32;26;6;1829;1679;150;0.918;2.33;3861:24;5;0;0;0;8
106;Tuukka Rask;2015-16;BOS;G;64;62;31;22;8;1854;1697;157;0.915;2.56;3678:03;4;0;1;1;0
107;Craig Anderson;2015-16;OTT;G;60;60;31;23;5;1915;1754;161;0.916;2.78;3477:08;4;0;2;2;0
108;Petr Mrazek;2015-16;DET;G;54;49;27;16;6;1448;1333;115;0.92;2.33;2960:35;4;0;2;2;2
109;Semyon Varlamov;2015-16;COL;G;57;57;27;25;3;1714;1566;148;0.914;2.81;3159:25;2;0;0;0;6
110;Cory Schneider;2015-16;NJD;G;58;58;27;25;6;1597;1475;122;0.924;2.15;3412:26;4;0;0;0;0
111;Jake Allen;2015-16;STL;G;47;44;26;15;3;1260;1159;101;0.92;2.35;2583:22;6;0;0;0;0
112;Antti Niemi;2015-16;DAL;G;48;43;25;13;7;1246;1128;118;0.905;2.67;2654:23;3;0;2;2;2
113;Kari Lehtonen;2015-16;DAL;G;43;39;25;10;2;1121;1016;105;0.906;2.76;2279:11;2;0;3;3;2
114;Brian Elliott;2015-16;STL;G;42;38;23;8;6;1113;1035;78;0.93;2.07;2263:00;4;0;0;0;2
115;Thomas Greiss;2015-16;NYI;G;41;38;23;11;4;1197;1107;90;0.925;2.36;2287:28;1;0;1;1;2
116;Cam Ward;2015-16;CAR;G;52;51;23;17;10;1343;1221;122;0.909;2.41;3038:04;1;0;0;0;0
117;Steve Mason;2015-16;PHI;G;54;53;23;19;10;1602;1470;132;0.918;2.51;3150:26;4;0;0;0;2
118;Chad Johnson;2015-16;BUF;G;45;40;22;16;4;1270;1168;102;0.92;2.36;2591:05;1;0;2;2;0
119;Frederik Andersen;2015-16;ANA;G;43;37;22;9;7;1086;998;88;0.919;2.3;2297:56;3;0;1;1;2
120;John Gibson;2015-16;ANA;G;40;38;21;13;4;992;913;79;0.92;2.07;2294:40;4;0;1;1;2
121;Cam Talbot;2015-16;EDM;G;56;53;21;27;5;1648;1511;137;0.917;2.55;3222:49;3;0;1;1;0
122;Mike Condon;2015-16;MTL;G;55;51;21;25;6;1458;1317;141;0.903;2.71;3122:44;1;0;0;0;0
123;Michal Neuvirth;2015-16;PHI;G;32;29;18;8;4;908;839;69;0.924;2.27;1825:29;3;0;1;1;2
124;Jaroslav Halak;2015-16;NYI;G;36;36;18;13;4;984;904;80;0.919;2.3;2091:11;3;0;1;1;0
125;James Reimer;2015-16;TOR, SJS;G;40;37;17;14;7;1128;1040;88;0.922;2.31;2290:27;3;0;0;0;0
126;Ryan Miller;2015-16;VAN;G;51;51;17;24;9;1634;1497;137;0.916;2.7;3043:29;1;0;1;1;2
127;Karri Ramo;2015-16;CGY;G;37;37;17;18;1;1034;940;94;0.909;2.63;2144:38;1;0;1;1;0
128;Joonas Korpisalo;2015-16;CBJ;G;31;30;16;11;4;969;891;78;0.919;2.6;1803:03;0;0;0;0;2
129;Sergei Bobrovsky;2015-16;CBJ;G;37;37;15;19;1;1049;952;97;0.907;2.75;2116:21;1;0;2;2;2
130;Louis Domingue;2015-16;ARI;G;39;36;15;18;5;1142;1041;101;0.911;2.75;2206:04;2;0;1;1;0
131;Mike Smith;2015-16;ARI;G;32;32;15;13;2;921;844;77;0.916;2.63;1753:30;3;0;1;1;2
132;Jimmy Howard;2015-16;DET;G;37;33;14;14;5;979;887;92;0.906;2.8;1973:53;2;0;1;1;2
133;Connor Hellebuyck;2015-16;WPG;G;26;26;13;11;1;683;627;56;0.918;2.34;1433:28;2;0;0;0;0
134;Ondrej Pavelec;2015-16;WPG;G;33;31;13;13;4;918;830;88;0.904;2.78;1899:01;1;0;0;0;0
135;Jacob Markstrom;2015-16;VAN;G;33;30;13;14;4;988;904;84;0.915;2.73;1847:26;0;0;2;2;4
136;Scott Darling;2015-16;CHI;G;29;24;12;8;4;784;717;67;0.914;2.58;1560:01;1;0;0;0;0
137;Eddie Lack;2015-16;CAR;G;34;31;12;14;6;910;820;90;0.901;2.81;1920:06;2;0;2;2;0
138;Al Montoya;2015-16;FLA;G;25;22;12;7;3;608;559;49;0.919;2.18;1351:14;0;0;0;0;2
139;Jonathan Bernier;2015-16;TOR;G;38;36;12;21;3;1114;1011;103;0.907;2.88;2146:46;3;0;0;0;2
140;Andrei Vasilevskiy;2015-16;TBL;G;24;21;11;10;0;646;588;58;0.91;2.76;1258:38;1;0;0;0;0
141;Jonas Gustavsson;2015-16;BOS;G;24;20;11;9;1;622;565;57;0.908;2.72;1258:28;1;0;0;0;0
142;Antti Raanta;2015-16;NYR;G;25;18;11;6;2;530;487;43;0.919;2.24;1150:21;1;0;0;0;0
143;Anders Nilsson;2015-16;EDM, STL;G;29;24;10;13;2;789;711;78;0.901;3.12;1500:35;0;0;1;1;4
144;Carey Price;2015-16;MTL;G;12;12;10;2;0;365;341;24;0.934;2.06;698:20;2;0;0;0;0
145;Matt Murray;2015-16;PIT;G;13;13;9;2;1;355;330;25;0.929;2;748:35;1;0;0;0;0
146;Jonas Hiller;2015-16;CGY;G;26;23;9;11;1;654;575;79;0.879;3.51;1350:52;1;0;0;0;0
147;Michael Hutchinson;2015-16;WPG;G;30;25;9;15;3;805;730;75;0.907;2.84;1585:57;0;0;0;0;0
148;Keith Kinkaid;2015-16;NJD;G;23;20;9;9;1;605;547;58;0.904;2.81;1240:26;2;0;0;0;2
149;Linus Ullmark;2015-16;BUF;G;20;20;8;10;2;565;516;49;0.913;2.6;1130:40;0;0;0;0;0
150;Philipp Grubauer;2015-16;WSH;G;22;16;8;9;1;523;480;43;0.918;2.32;1111:02;0;0;0;0;2
151;Joni Ortio;2015-16;CGY;G;22;19;7;9;5;564;509;55;0.902;2.76;1196:45;1;0;0;0;2
152;Jhonas Enroth;2015-16;LAK;G;16;13;7;5;1;398;367;31;0.922;2.17;856:18;2;0;0;0;0
153;Andrew Hammond;2015-16;OTT;G;24;21;7;11;4;712;651;61;0.914;2.65;1382:19;1;0;0;0;2
154;Calvin Pickard;2015-16;COL;G;20;13;7;6;1;539;497;42;0.922;2.56;985:26;1;0;1;1;0
155;Carter Hutton;2015-16;NSH;G;17;15;7;5;4;464;426;38;0.918;2.33;978:56;2;0;1;1;0
156;Garret Sparks;2015-16;TOR;G;17;17;6;9;1;456;407;49;0.892;3.02;974:57;1;0;0;0;0
157;Darcy Kuemper;2015-16;MIN;G;21;16;6;7;5;507;464;43;0.915;2.43;1063:24;2;0;0;0;2
158;Anders Lindback;2015-16;ARI;G;19;13;5;7;1;443;396;47;0.894;3.11;906:08;0;0;1;1;0
159;Robin Lehner;2015-16;BUF;G;21;21;5;9;5;634;586;48;0.924;2.47;1164:05;1;0;1;1;8
160;Ben Scrivens;2015-16;MTL;G;15;14;5;8;0;447;405;42;0.906;3.07;821:58;0;0;0;0;0
161;Reto Berra;2015-16;COL;G;14;12;5;8;0;374;345;29;0.922;2.41;720:43;2;0;1;1;2
162;Jeff Zatkoff;2015-16;PIT;G;14;11;4;7;1;408;374;34;0.917;2.79;732:03;0;0;0;0;0
163;J.F. Berube;2015-16;NYI;G;7;6;3;2;1;210;192;18;0.914;2.71;398:42;0;0;0;0;0
164;Anton Khudobin;2015-16;ANA;G;9;7;3;3;0;175;159;16;0.908;2.69;356:20;1;0;0;0;0
165;Alex Stalock;2015-16;SJS;G;13;9;3;5;2;285;252;33;0.884;2.94;674:08;0;0;1;1;0
166;Scott Wedgewood;2015-16;NJD;G;4;4;2;1;1;116;111;5;0.957;1.25;240:45;1;0;0;0;0
167;Curtis McElhinney;2015-16;CBJ;G;18;12;2;7;3;417;371;46;0.89;3.3;835:26;0;0;1;1;0
168;Niklas Backstrom;2015-16;CGY;G;4;3;2;2;0;109;96;13;0.881;3.35;232:43;0;0;0;0;0
169;Charlie Lindgren;2015-16;MTL;G;1;1;1;0;0;28;26;2;0.928;2;60:00;0;0;0;0;0
170;Dustin Tokarski;2015-16;MTL;G;6;4;1;3;0;98;86;12;0.877;3.18;226:10;0;0;0;0;0
171;Anton Forsberg;2015-16;CBJ;G;4;3;1;3;0;97;88;9;0.907;3.03;178:09;0;0;0;0;0
172;Peter Budaj;2015-16;LAK;G;1;1;1;0;0;28;24;4;0.857;3.85;62:18;0;0;0;0;0
173;Christopher Gibson;2015-16;NYI;G;4;2;1;1;1;93;82;11;0.882;3.4;194:02;0;0;0;0;0
174;Richard Bachman;2015-16;VAN;G;1;1;1;0;0;31;28;3;0.903;3.01;59:52;0;0;0;0;0
175;Juuse Saros;2015-16;NSH;G;1;1;0;1;0;23;20;3;0.87;3.1;58:01;0;0;0;0;0
176;Laurent Brossoit;2015-16;EDM;G;5;5;0;4;1;142;124;18;0.873;3.61;299:31;0;0;0;0;0
177;Roman Will;2015-16;COL;G;1;0;0;0;0;3;2;1;0.667;3.25;18:28;0;0;0;0;0
178;Jordan Binnington;2015-16;STL;G;1;0;0;0;0;4;3;1;0.75;4.69;12:47;0;0;0;0;0
179;Kristers Gudlevskis;2015-16;TBL;G;1;1;0;0;1;32;31;1;0.969;1;59:57;0;0;0;0;0
180;Michael Leighton;2015-16;CHI;G;1;0;0;0;0;17;16;1;0.941;1.52;39:29;0;0;0;0;0
181;Niklas Treutle;2015-16;ARI;G;2;1;0;1;0;20;15;5;0.75;6.04;49:42;0;0;0;0;2
182;Chris Driedger;2015-16;OTT;G;1;0;0;0;0;11;11;0;1;--;31:49;0;0;0;0;0
183;Yann Danis;2015-16;NJD;G;2;0;0;1;0;18;14;4;0.778;4.75;50:30;0;0;0;0;0
184;Magnus Hellberg;2015-16;NYR;G;1;0;0;0;0;6;4;2;0.667;6;20:00;0;0;0;0;0
185;Pheonix Copley;2015-16;STL;G;1;0;0;0;0;6;5;1;0.833;2.46;24:26;0;0;0;0;0
186;Matthew O'Connor;2015-16;OTT;G;1;1;0;1;0;34;31;3;0.912;3.1;58:02;0;0;0;0;0
187;Jason Kasdorf;2015-16;BUF;G;1;1;0;1;0;30;26;4;0.867;4;60:00;0;0;0;0;0
188;Carey Price;2014-15;MTL;G;66;66;44;16;6;1953;1823;130;0.933;1.96;3976:33;9;0;1;1;4
189;Pekka Rinne;2014-15;NSH;G;64;64;41;17;6;1807;1667;140;0.922;2.18;3850:47;4;0;1;1;8
190;Braden Holtby;2014-15;WSH;G;73;72;41;20;10;2044;1887;157;0.923;2.22;4247:29;9;0;2;2;2
191;Ben Bishop;2014-15;TBL;G;62;60;40;13;5;1620;1484;136;0.916;2.32;3519:00;4;0;4;4;4
192;Jaroslav Halak;2014-15;NYI;G;59;59;38;17;4;1673;1529;144;0.914;2.43;3549:57;6;0;1;1;2
193;Jonathan Quick;2014-15;LAK;G;72;71;36;22;13;1896;1740;156;0.918;2.24;4184:15;6;0;1;1;18
194;Devan Dubnyk;2014-15;ARI, MIN;G;58;55;36;14;4;1625;1510;115;0.929;2.07;3328:12;6;0;2;2;2
195;Frederik Andersen;2014-15;ANA;G;54;53;35;12;5;1436;1313;123;0.914;2.38;3105:43;3;0;3;3;4
196;Marc-Andre Fleury;2014-15;PIT;G;64;64;34;20;9;1831;1685;146;0.92;2.32;3776:11;10;0;1;1;6
197;Kari Lehtonen;2014-15;DAL;G;65;65;34;17;10;1875;1694;181;0.903;2.94;3697:41;5;0;3;3;2
198;Tuukka Rask;2014-15;BOS;G;70;67;34;21;13;2011;1855;156;0.922;2.3;4063:01;3;0;0;0;8
199;Corey Crawford;2014-15;CHI;G;57;57;32;20;5;1661;1535;126;0.924;2.27;3332:32;2;0;1;1;8
200;Antti Niemi;2014-15;SJS;G;61;61;31;23;7;1811;1656;155;0.914;2.59;3587:54;5;0;3;3;0
201;Henrik Lundqvist;2014-15;NYR;G;46;46;30;13;3;1329;1226;103;0.922;2.25;2742:36;5;0;1;1;0
202;Sergei Bobrovsky;2014-15;CBJ;G;51;49;30;17;3;1632;1498;134;0.918;2.68;2994:26;2;0;2;2;4
203;Ryan Miller;2014-15;VAN;G;45;45;29;15;1;1198;1091;107;0.911;2.53;2541:31;6;0;0;0;0
204;Semyon Varlamov;2014-15;COL;G;57;57;28;20;8;1791;1650;141;0.921;2.56;3306:50;5;0;0;0;4
205;Roberto Luongo;2014-15;FLA;G;61;61;28;19;12;1743;1605;138;0.921;2.35;3528:11;2;0;0;0;0
206;Jonas Hiller;2014-15;CGY;G;52;44;26;19;4;1376;1263;113;0.918;2.36;2870:53;1;0;0;0;0
207;Cory Schneider;2014-15;NJD;G;69;68;26;31;9;1982;1834;148;0.925;2.26;3923:55;5;0;2;2;0
208;Brian Elliott;2014-15;STL;G;46;45;26;14;3;1150;1054;96;0.916;2.26;2545:48;5;0;3;3;0
209;Jimmy Howard;2014-15;DET;G;53;50;23;13;11;1350;1229;121;0.91;2.44;2970:35;2;0;1;1;2
210;Cam Ward;2014-15;CAR;G;51;50;22;24;5;1351;1230;121;0.91;2.4;3025:43;1;0;0;0;4
211;Jake Allen;2014-15;STL;G;37;32;22;7;4;909;830;79;0.913;2.28;2077:02;4;0;2;2;2
212;Ondrej Pavelec;2014-15;WPG;G;50;46;22;16;8;1353;1245;108;0.92;2.28;2837:51;5;0;0;0;2
213;Cam Talbot;2014-15;NYR;G;36;34;21;9;4;1038;961;77;0.926;2.21;2094:57;5;0;0;0;0
214;Jonathan Bernier;2014-15;TOR;G;58;55;21;28;7;1735;1583;152;0.912;2.87;3177:09;2;0;1;1;0
215;Michael Hutchinson;2014-15;WPG;G;38;36;21;10;5;986;901;85;0.914;2.38;2138:22;2;0;0;0;0
216;Andrew Hammond;2014-15;OTT;G;24;23;20;1;2;707;665;42;0.941;1.79;1410:59;3;0;1;1;0
217;Jhonas Enroth;2014-15;BUF, DAL;G;50;44;18;26;2;1504;1359;145;0.903;3.07;2833:36;2;0;0;0;0
218;Eddie Lack;2014-15;VAN;G;41;35;18;13;4;1201;1106;95;0.921;2.45;2323:57;2;0;0;0;2
219;Steve Mason;2014-15;PHI;G;51;48;18;18;11;1490;1382;108;0.927;2.25;2885:23;3;0;3;3;2
220;Petr Mrazek;2014-15;DET;G;29;26;16;9;2;768;705;63;0.918;2.38;1585:02;3;0;0;0;0
221;Karri Ramo;2014-15;CGY;G;34;32;15;9;3;852;777;75;0.912;2.6;1731:47;2;0;0;0;0
222;Ben Scrivens;2014-15;EDM;G;57;53;15;26;11;1542;1372;170;0.89;3.16;3227:34;1;0;1;1;4
223;Darcy Kuemper;2014-15;MIN;G;31;28;14;12;2;718;650;68;0.905;2.6;1568:43;3;0;0;0;0
224;Craig Anderson;2014-15;OTT;G;35;35;14;13;8;1134;1047;87;0.923;2.49;2092:31;3;0;0;0;4
225;Mike Smith;2014-15;ARI;G;62;61;14;42;5;1955;1768;187;0.904;3.16;3555:47;0;0;1;1;10
226;John Gibson;2014-15;ANA;G;23;21;13;8;0;674;616;58;0.914;2.6;1339:55;1;0;0;0;0
227;Curtis McElhinney;2014-15;CBJ;G;32;28;12;14;2;949;867;82;0.913;2.88;1710:01;0;0;0;0;0
228;Ray Emery;2014-15;PHI;G;31;25;10;11;7;758;678;80;0.894;3.06;1569:31;0;0;0;0;4
229;Thomas Greiss;2014-15;PIT;G;20;18;9;6;3;546;496;50;0.908;2.59;1159:22;0;0;0;0;0
230;James Reimer;2014-15;TOR;G;35;27;9;16;1;1001;908;93;0.907;3.16;1766:53;0;0;0;0;2
231;Robin Lehner;2014-15;OTT;G;25;24;9;12;3;779;705;74;0.905;3.02;1471:20;0;0;1;1;0
232;Scott Darling;2014-15;CHI;G;14;13;9;4;0;419;392;27;0.935;1.95;832:31;1;0;0;0;0
233;Anton Khudobin;2014-15;CAR;G;34;32;8;17;6;874;787;87;0.9;2.72;1920:21;1;0;0;0;0
234;Alex Stalock;2014-15;SJS;G;22;19;8;9;2;553;499;54;0.902;2.62;1236:30;2;0;0;0;2
235;Chad Johnson;2014-15;NYI;G;19;17;8;8;1;488;434;54;0.889;3.08;1052:49;0;0;0;0;0
236;Niklas Svedberg;2014-15;BOS;G;18;14;7;5;1;425;390;35;0.918;2.33;900:12;2;0;0;0;0
237;Andrei Vasilevskiy;2014-15;TBL;G;16;13;7;5;1;415;381;34;0.918;2.36;864:07;1;0;0;0;0
238;Michal Neuvirth;2014-15;BUF, NYI;G;32;32;7;20;4;1067;975;92;0.914;2.98;1849:45;0;0;0;0;0
239;Antti Raanta;2014-15;CHI;G;14;12;7;4;1;389;364;25;0.936;1.89;792:11;2;0;0;0;0
240;Viktor Fasth;2014-15;EDM;G;26;24;6;15;3;681;605;76;0.888;3.41;1336:29;0;0;0;0;0
241;Anders Lindback;2014-15;DAL, BUF;G;26;22;6;16;2;798;725;73;0.908;3.11;1407:58;0;0;1;1;4
242;Dustin Tokarski;2014-15;MTL;G;17;16;6;6;4;509;463;46;0.91;2.75;1004:58;0;0;1;1;0
243;Al Montoya;2014-15;FLA;G;20;13;6;7;2;453;404;49;0.892;3.01;976:56;0;0;0;0;2
244;Carter Hutton;2014-15;NSH;G;18;17;6;7;4;450;406;44;0.902;2.61;1009:51;1;0;0;0;0
245;Keith Kinkaid;2014-15;NJD;G;19;13;6;5;4;469;429;40;0.915;2.59;925:26;0;0;0;0;0
246;Calvin Pickard;2014-15;COL;G;16;13;6;7;3;511;476;35;0.931;2.35;895:06;0;0;0;0;0
247;Rob Zepp;2014-15;PHI;G;10;9;5;2;0;223;198;25;0.888;2.89;519:01;0;0;0;0;0
248;Niklas Backstrom;2014-15;MIN;G;19;14;5;7;3;452;401;51;0.887;3.05;1004:53;0;0;0;0;2
249;Reto Berra;2014-15;COL;G;19;12;5;4;1;403;370;33;0.918;2.65;748:27;1;0;0;0;0
250;Dan Ellis;2014-15;FLA;G;8;8;4;3;1;221;202;19;0.914;2.34;486:28;1;0;0;0;0
251;Joni Ortio;2014-15;CGY;G;6;6;4;2;0;153;139;14;0.908;2.52;333:17;1;0;0;0;0
252;Martin Jones;2014-15;LAK;G;15;11;4;5;2;307;278;29;0.905;2.24;775:22;3;0;1;1;0
253;Evgeni Nabokov;2014-15;TBL;G;11;9;3;6;2;245;216;29;0.882;3.14;553:26;0;0;1;1;2
254;Jonas Gustavsson;2014-15;DET;G;7;6;3;3;1;168;153;15;0.911;2.56;351:12;1;0;0;0;2
255;Justin Peters;2014-15;WSH;G;12;9;3;6;1;294;259;35;0.881;3.25;646:59;0;0;0;0;0
256;Richard Bachman;2014-15;EDM;G;7;4;3;2;0;168;153;15;0.911;2.84;316:43;1;0;0;0;0
257;Martin Brodeur;2014-15;STL;G;7;5;3;3;0;169;152;17;0.899;2.87;355:43;1;0;0;0;0
258;Jason LaBarbera;2014-15;ANA;G;5;2;2;0;1;99;90;9;0.909;2.6;207:28;0;0;0;0;0
259;Mackenzie Skapski;2014-15;NYR;G;2;2;2;0;0;45;44;1;0.978;0.5;119:05;1;0;0;0;0
260;Philipp Grubauer;2014-15;WSH;G;1;1;1;0;0;25;23;2;0.92;1.85;65:00;0;0;0;0;0
261;Ilya Bryzgalov;2014-15;ANA;G;8;6;1;4;1;150;127;23;0.847;4.19;329:29;0;0;2;2;0
262;Louis Domingue;2014-15;ARI;G;7;4;1;2;1;158;144;14;0.911;2.73;307:45;0;0;0;0;0
263;Tom McCollum;2014-15;DET;G;2;0;1;0;0;25;24;1;0.96;0.91;65:54;0;0;0;0;0
264;Troy Grosenick;2014-15;SJS;G;2;2;1;1;0;58;55;3;0.948;1.52;118:22;1;0;0;0;0
265;Jacob Markstrom;2014-15;VAN;G;3;2;1;1;0;33;29;4;0.879;3.09;77:38;0;0;0;0;0
266;Jussi Rynnas;2014-15;DAL;G;2;1;0;1;0;44;37;7;0.841;4.54;92:25;0;0;0;0;0
267;Mike McKenna;2014-15;ARI;G;1;1;0;1;0;34;29;5;0.853;5;60:00;0;0;0;0;0
268;Jeff Zatkoff;2014-15;PIT;G;1;0;0;1;0;17;16;1;0.941;1.63;36:45;0;0;0;0;0
269;Matt Hackett;2014-15;BUF;G;5;4;0;4;1;155;137;18;0.884;4.32;250:15;0;0;0;0;0
270;Tyler Bunz;2014-15;EDM;G;1;0;0;0;0;12;9;3;0.75;9;20:00;0;0;0;0;0
271;Chris Driedger;2014-15;OTT;G;1;0;0;0;0;10;10;0;1;--;22:52;0;0;0;0;0
272;Marek Mazanec;2014-15;NSH;G;2;1;0;1;0;47;43;4;0.915;2.27;105:44;0;0;0;0;0
273;Malcolm Subban;2014-15;BOS;G;1;1;0;1;0;6;3;3;0.5;5.76;31:15;0;0;0;0;0
274;Andrey Makarov;2014-15;BUF;G;1;1;0;1;0;36;33;3;0.917;3;60:00;0;0;0;0;0
275;John Curry;2014-15;MIN;G;2;1;0;0;1;25;20;5;0.8;4.18;71:51;0;0;0;0;0
276;Kevin Poulin;2014-15;NYI;G;1;1;0;0;1;26;23;3;0.885;2.77;65:00;0;0;0;0;0
277;Laurent Brossoit;2014-15;EDM;G;1;1;0;1;0;51;49;2;0.961;2.01;59:36;0;0;0;0;0
278;Scott Clemmensen;2014-15;NJD;G;3;1;0;0;1;54;46;8;0.852;4.73;101:35;0;0;0;0;0
279;Anton Forsberg;2014-15;CBJ;G;5;5;0;4;0;149;129;20;0.866;4.69;255:43;0;0;0;0;0
